S/No,Longitude,Latitude,Y1517,Y1921,Y2325
1,30.07563,-1.74483,0.40730,0.08400,0.47002
2,30.03092,-1.72249,0.47116,0.05821,0.31067
3,30.05520,-1.73026,0.43017,0.03978,0.84992
4,30.04052,-1.75010,0.34238,0.04729,0.50453
5,30.02295,-1.71433,0.46194,0.04906,0.93726
6,30.03828,-1.72727,0.42827,0.08599,0.74809
7,30.06348,-1.73197,0.46561,0.06174,0.86804
8,30.05247,-1.75636,0.32918,0.06121,0.81936
9,30.05789,-1.73817,0.42036,0.07728,0.82681
10,30.07270,-1.74280,0.44356,0.07046,0.64595
11,30.05828,-1.72640,0.47183,0.01897,0.92535
12,30.03879,-1.72593,0.42648,0.06717,0.87656
13,30.02239,-1.74188,0.39059,0.02774,0.41912
14,30.05103,-1.74803,0.36472,0.08023,0.55617
15,30.01489,-1.72815,0.44038,0.06668,0.37169
16,30.03060,-1.71906,0.46794,0.03321,0.51655
17,30.00978,-1.73640,0.39926,0.03798,0.50682
18,30.05730,-1.75280,0.36040,0.11785,0.71569
19,30.01291,-1.71440,0.44854,0.05407,0.83218
20,30.03834,-1.74146,0.35546,0.07786,0.34639
21,30.00332,-1.72584,0.43022,0.04626,0.46109
22,30.06115,-1.73121,0.43318,0.05913,0.84656
23,30.04697,-1.74118,0.38496,0.07153,0.46384
24,30.01203,-1.71277,0.44018,0.04544,0.89685
25,30.02985,-1.72939,0.45758,0.09814,0.53276
26,30.04901,-1.72636,0.40755,0.05521,1.07472
27,30.06604,-1.74204,0.38355,0.08729,0.90273
28,30.00929,-1.72221,0.44462,0.08250,0.85210
29,30.04359,-1.71399,0.51457,0.02090,0.84463
30,30.00340,-1.73512,0.37690,0.01657,0.25232
31,30.03231,-1.74038,0.38735,0.04762,0.35770
32,30.05228,-1.74604,0.37504,0.07088,0.80098
33,30.01902,-1.74372,0.38877,0.08991,0.53299
34,30.06558,-1.73329,0.43759,0.05211,1.00775
35,30.01228,-1.73891,0.39598,0.05697,0.73826
36,30.02869,-1.73264,0.42509,0.08448,0.14704
37,30.01910,-1.73740,0.39865,0.06167,0.46256
38,30.02305,-1.72773,0.48790,0.05656,0.58377
39,29.99686,-1.72726,0.41904,0.06760,0.91464
40,30.02846,-1.71352,0.54346,0.02451,0.63023
41,30.04835,-1.75264,0.35636,0.06178,0.59914
42,30.03493,-1.74528,0.33451,0.03201,0.77252
43,30.03865,-1.71185,0.50562,0.06621,0.67640
44,30.01887,-1.73563,0.43354,0.08045,0.18039
45,30.01133,-1.72188,0.39007,0.07923,0.67247
46,30.06119,-1.73567,0.46029,0.07013,0.91238
47,30.03077,-1.73093,0.43740,0.10572,0.43621
48,30.05817,-1.74591,0.40616,0.08748,0.89382
49,29.99849,-1.72485,0.45258,0.05110,0.80933
50,30.02093,-1.72177,0.47392,0.07787,0.57052
51,30.02698,-1.72506,0.49527,0.08035,0.65498
52,30.00775,-1.73761,0.37847,0.02444,0.07655
53,30.03516,-1.71332,0.52708,0.05321,0.89588
54,30.05918,-1.73924,0.42962,0.11967,0.65981
55,30.02783,-1.74062,0.35305,0.07025,0.49949
56,30.02760,-1.71755,0.47029,0.07292,0.73166
57,30.02877,-1.73663,0.39878,0.09369,0.35848
58,30.03623,-1.71843,0.45530,0.08691,0.65064
59,30.03695,-1.72092,0.47820,0.05289,0.71090
60,30.05370,-1.72383,0.39216,0.04507,1.23900
61,30.05761,-1.73339,0.39882,0.05675,0.94485
62,30.02012,-1.74812,0.35500,0.08016,0.52297
63,30.04331,-1.74847,0.35286,0.08678,0.49874
64,30.03533,-1.71467,0.49367,0.07867,0.82199
65,30.05385,-1.74084,0.39332,0.09087,0.69727
66,30.02397,-1.72520,0.47155,0.07530,0.47985
67,30.00593,-1.72050,0.45141,0.07813,0.85924
68,30.05672,-1.74839,0.37497,0.09104,0.94331
69,30.04430,-1.71802,0.45539,0.07352,1.01744
70,30.03426,-1.72731,0.43264,0.08272,0.79157
71,30.05729,-1.74274,0.40574,0.09401,1.01626
72,30.05252,-1.73897,0.40002,0.11840,0.80307
73,30.01447,-1.71574,0.47987,0.07832,0.87967
74,30.03446,-1.73997,0.36500,0.07978,0.29364
75,30.02966,-1.73494,0.43365,0.08254,0.10840
76,30.06522,-1.72990,0.47780,0.06891,1.01230
77,30.04767,-1.72563,0.38669,0.06036,1.08586
78,30.00696,-1.72172,0.46072,0.03982,0.97377
79,30.02749,-1.71208,0.49262,0.03847,0.97520
80,30.04050,-1.74357,0.39459,0.07146,0.50441
81,30.05829,-1.74894,0.37321,0.07391,0.98997
82,30.05298,-1.73563,0.40815,0.06673,0.74929
83,30.01875,-1.74223,0.38881,0.03932,0.59998
84,30.03151,-1.74240,0.39012,0.04834,0.72241
85,30.05556,-1.73608,0.41032,0.10959,0.93595
86,30.02076,-1.74556,0.39329,0.03350,0.61427
87,30.04727,-1.74482,0.38106,0.09137,0.42674
88,30.06659,-1.74789,0.35920,0.05909,0.79037
89,30.04029,-1.71543,0.47225,0.03868,0.85802
90,30.02502,-1.72858,0.44134,0.09704,0.55163
91,30.01598,-1.74293,0.40544,0.06609,0.59986
92,30.02597,-1.73863,0.36043,0.06011,0.20772
93,30.04501,-1.71608,0.47948,0.03061,0.83906
94,30.05301,-1.74918,0.37851,0.05910,0.64650
95,30.04795,-1.74990,0.37807,0.07528,0.53368
96,30.02689,-1.71604,0.48451,0.05292,0.66497
97,30.05972,-1.74918,0.33066,0.06212,0.91627
98,30.05728,-1.72880,0.41286,0.03581,0.91656
99,30.04611,-1.75161,0.31748,0.08364,0.84378
100,30.03622,-1.74673,0.34692,0.04351,0.56598
101,30.02089,-1.75606,0.29041,0.03398,0.37460
102,30.02005,-1.76744,0.28417,0.01385,0.20608
103,30.02876,-1.77600,0.27652,0.01997,-0.01653
104,30.02001,-1.77159,0.29906,0.04290,0.39806
105,29.99877,-1.74365,0.40895,0.05210,-0.33079
106,30.00740,-1.77928,0.25169,0.01057,-0.28232
107,30.02939,-1.75934,0.29399,0.00402,0.38856
108,29.98971,-1.77157,0.25660,0.03183,0.12526
109,30.04148,-1.77137,0.30709,0.05432,0.27009
110,30.00922,-1.76540,0.28838,0.08425,0.11840
111,29.98729,-1.73456,0.40928,0.05229,0.41618
112,29.99939,-1.76961,0.33280,0.06704,0.01277
113,29.97981,-1.74637,0.40002,0.02012,0.42515
114,30.03787,-1.77876,0.21401,0.03471,0.32542
115,30.02364,-1.76413,0.28411,0.04063,0.35612
116,30.04360,-1.77278,0.29756,-0.00022,0.31792
117,30.02881,-1.75189,0.30212,0.04816,0.37156
118,30.01133,-1.74714,0.40157,0.04514,0.33563
119,29.97918,-1.74055,0.45338,0.06740,0.45291
120,29.99801,-1.75658,0.34536,0.02246,0.11002
121,30.03411,-1.74993,0.32258,0.05935,0.47221
122,29.97935,-1.73848,0.42599,0.06153,0.37136
123,29.99707,-1.77689,0.26019,0.03782,0.07080
124,30.00009,-1.75502,0.35533,0.05965,0.18190
125,29.98566,-1.73543,0.43144,0.05516,0.47403
126,29.99325,-1.74924,0.34445,0.03460,-0.07756
127,30.04627,-1.76119,0.27572,0.02614,0.28132
128,29.99801,-1.77164,0.31934,0.08913,-0.04979
129,30.04041,-1.76878,0.31124,0.06977,0.26666
130,29.99848,-1.76686,0.32206,0.08433,0.02299
131,29.97832,-1.73042,0.40236,0.05309,0.79190
132,30.02239,-1.76844,0.28856,0.04382,0.30912
133,30.00019,-1.77755,0.29713,0.06492,-0.00504
134,30.03980,-1.76173,0.32568,0.01802,0.12122
135,29.98261,-1.74428,0.40675,0.00598,0.17117
136,29.98668,-1.75584,0.34311,0.01738,0.35467
137,30.03151,-1.75760,0.29817,0.01585,0.26808
138,30.02150,-1.75003,0.33048,0.05220,0.57042
139,29.99290,-1.73992,0.40246,0.01842,0.12419
140,30.00391,-1.77825,0.29912,0.04726,-0.12497
141,29.99246,-1.74708,0.35216,0.02552,0.03860
142,30.05067,-1.75929,0.32644,0.06701,0.91246
143,29.98837,-1.74676,0.40166,0.00143,-0.07568
144,29.99519,-1.75021,0.36655,0.02222,-0.11073
145,29.99334,-1.75606,0.32814,0.03665,0.22190
146,30.01339,-1.79329,0.26343,0.04059,-0.25890
147,29.98809,-1.73895,0.39589,0.03106,0.32979
148,30.02340,-1.76622,0.23309,0.01914,0.26232
149,29.99307,-1.77301,0.26946,0.03834,0.28697
150,30.00643,-1.75408,0.33760,0.02985,0.14116
151,30.04389,-1.75714,0.33045,0.04735,0.53060
152,30.00794,-1.74794,0.35022,0.03958,0.26492
153,30.00101,-1.75158,0.34476,0.06370,0.20411
154,30.01108,-1.75533,0.30147,0.05062,0.07881
155,30.01505,-1.75706,0.27119,0.04765,0.61855
156,30.03999,-1.77401,0.22211,-0.00069,0.08226
157,30.05204,-1.76226,0.32551,0.05337,0.84522
158,29.99306,-1.78210,0.23043,0.01166,0.21872
159,29.99793,-1.73532,0.39643,0.05936,0.70335
160,29.98262,-1.73301,0.41550,0.04162,0.80858
161,29.97772,-1.73535,0.44634,0.06196,0.56624
162,29.99547,-1.76638,0.29938,0.07433,0.28783
163,29.98800,-1.77388,0.24876,0.03229,0.28870
164,30.03209,-1.77224,0.25516,0.03584,0.15284
165,30.05084,-1.76120,0.33314,0.07270,0.91275
166,30.01198,-1.76987,0.24401,0.02790,-0.08442
167,29.99226,-1.73793,0.42635,0.04416,0.65162
168,30.02282,-1.77447,0.22113,0.02782,0.18472
169,30.02416,-1.75299,0.29100,0.03237,0.48457
170,30.05172,-1.76790,0.31952,0.03152,0.30056
171,30.02974,-1.78242,0.23208,0.06257,0.34308
172,30.05082,-1.76460,0.33099,0.02493,0.54933
173,30.00891,-1.77881,0.23013,-0.02601,-0.17928
174,29.98493,-1.73412,0.38710,0.07525,0.44369
175,30.03286,-1.75500,0.28186,0.07689,0.37641
176,29.98488,-1.75838,0.37092,0.00637,0.33698
177,29.97729,-1.73234,0.42116,0.08524,0.71308
178,30.04288,-1.76835,0.30352,0.05728,0.21945
179,30.02184,-1.75411,0.28187,0.00838,0.47686
180,30.02658,-1.77936,0.28467,0.02628,0.06574
181,30.00315,-1.74253,0.43927,0.02916,-0.25045
182,29.99648,-1.75905,0.33080,0.09482,0.27223
183,30.01661,-1.76129,0.28945,0.03891,0.40836
184,29.99405,-1.76790,0.29534,0.05359,0.26770
185,30.02769,-1.75605,0.24832,0.05044,0.60257
186,30.03498,-1.78461,0.18752,0.06978,0.24966
187,29.98881,-1.73537,0.41904,0.05142,0.44412
188,30.01289,-1.77725,0.19925,-0.02237,-0.04466
189,29.98758,-1.76540,0.31322,0.03610,0.27990
190,30.05864,-1.77014,0.23332,0.05582,0.48826
191,30.02516,-1.77122,0.27235,0.02217,-0.18893
192,30.00791,-1.78464,0.22111,0.01414,-0.39039
193,30.02029,-1.76257,0.27499,0.04525,0.57028
194,30.00899,-1.78912,0.23742,0.00564,-0.43147
195,30.01586,-1.76622,0.29223,0.01705,0.25294
196,30.01060,-1.78265,0.19866,0.01969,-0.11594
197,30.00215,-1.77758,0.30115,0.06448,0.04221
198,30.04034,-1.75782,0.33815,0.02355,0.41311
199,30.01371,-1.79076,0.24755,0.03707,-0.32891
200,30.01501,-1.77753,0.19902,0.03469,0.16901
201,30.05253,-1.79443,0.19426,0.04320,0.19771
202,30.07209,-1.78735,0.23161,0.08948,0.32942
203,30.07096,-1.77758,0.24204,0.01059,0.59836
204,30.05756,-1.78404,0.23923,0.03027,0.44728
205,30.07046,-1.80247,0.15986,0.09127,-0.03886
206,30.04908,-1.82957,0.06106,0.04443,-0.38560
207,30.05478,-1.77076,0.25200,0.05957,0.35424
208,30.07669,-1.78145,0.28350,0.05700,0.17515
209,30.04597,-1.80196,0.15337,0.00746,0.18883
210,30.07724,-1.78577,0.25513,0.02547,0.17001
211,30.04803,-1.80883,0.13041,0.03079,0.08361
212,30.05248,-1.81171,0.11742,0.04778,-0.09498
213,30.07198,-1.81661,0.11454,0.03934,-0.27004
214,30.05446,-1.82899,0.04117,0.01858,-0.66202
215,30.04765,-1.77288,0.30364,0.05378,0.26587
216,30.05514,-1.81034,0.13140,0.01991,-0.28840
217,30.05039,-1.80063,0.18722,0.02489,0.25278
218,30.08622,-1.80724,0.12799,0.05175,-0.13939
219,30.05619,-1.78309,0.23368,0.02377,0.53534
220,30.06310,-1.80600,0.12807,0.07726,-0.09285
221,30.05207,-1.78291,0.21565,0.04962,0.43572
222,30.06642,-1.79811,0.12968,0.02265,0.30453
223,30.05330,-1.82431,0.05451,0.01448,-0.74073
224,30.08359,-1.80469,0.12004,0.03663,0.19976
225,30.04508,-1.82035,0.14159,0.06576,-0.31168
226,30.04982,-1.82335,0.08015,0.04526,-0.25685
227,30.07779,-1.81512,0.10520,0.06270,-0.52104
228,30.05944,-1.79940,0.13704,0.05036,0.12705
229,30.05322,-1.80171,0.18038,0.04035,-0.06922
230,30.05525,-1.79673,0.13790,0.06765,0.23541
231,30.06405,-1.77116,0.25723,0.04623,0.42686
232,30.07468,-1.80450,0.11761,0.05400,-0.10639
233,30.05792,-1.83460,0.03101,0.01831,-0.41016
234,30.06840,-1.80526,0.14643,0.10224,0.02919
235,30.07297,-1.77811,0.27224,0.02012,0.38345
236,30.07409,-1.80954,0.12677,0.00906,-0.23794
237,30.06622,-1.78009,0.24654,0.04566,0.71928
238,30.07648,-1.81748,0.12031,0.04172,-0.43491
239,30.06519,-1.82447,0.07237,0.05827,-0.41028
240,30.08026,-1.82063,0.08167,0.05512,-0.43993
241,30.05143,-1.83424,0.03498,0.06136,-0.61797
242,30.05309,-1.83947,-0.03772,0.04556,-0.55706
243,30.07422,-1.81490,0.09621,0.03531,-0.24846
244,30.05409,-1.83211,0.04915,0.00698,-0.59775
245,30.05856,-1.79747,0.13572,0.05098,0.26913
246,30.04395,-1.81184,0.14876,0.02360,-0.20336
247,30.05195,-1.83748,-0.01112,0.06249,-0.54925
248,30.06117,-1.78890,0.19109,0.08204,0.32315
249,30.04528,-1.82795,0.07813,0.03739,-0.47704
250,30.09015,-1.81243,0.08917,0.06935,-0.17868
251,30.04984,-1.81746,0.10477,0.03972,-0.19511
252,30.04680,-1.77009,0.29536,0.04493,0.32525
253,30.08123,-1.82556,0.06838,0.07550,-0.46184
254,30.05533,-1.79350,0.18561,0.07433,0.34659
255,30.06682,-1.81085,0.10817,0.07276,-0.13275
256,30.08271,-1.82516,0.07136,0.06837,-0.35094
257,30.06459,-1.81621,0.11191,0.05664,-0.30255
258,30.05890,-1.81926,0.11607,0.03782,-0.30886
259,30.04859,-1.79344,0.20789,0.04233,0.05482
260,30.09411,-1.81075,0.10701,0.07942,-0.10471
261,30.06979,-1.81699,0.14327,0.04540,-0.46454
262,30.07381,-1.79592,0.16509,0.06586,0.19692
263,30.06855,-1.82347,0.08627,0.09382,-0.31349
264,30.06045,-1.77431,0.27335,0.06652,0.55673
265,30.06564,-1.82303,0.09353,0.04883,-0.45043
266,30.06476,-1.77851,0.21820,0.07459,0.74156
267,30.04874,-1.80577,0.13939,0.03075,0.09947
268,30.08624,-1.81606,0.07549,0.03853,-0.11456
269,30.05359,-1.76851,0.27549,0.02379,0.46021
270,30.08182,-1.82176,0.07473,0.04968,-0.45662
271,30.05849,-1.83294,0.06456,0.01536,-0.53420
272,30.07484,-1.80745,0.14871,0.04121,-0.12900
273,30.06148,-1.79344,0.13053,0.04191,0.28382
274,30.07578,-1.78970,0.19039,0.07081,0.23440
275,30.09420,-1.81541,0.06776,0.04886,-0.04069
276,30.04705,-1.81804,0.12244,0.04208,-0.13756
277,30.08429,-1.80756,0.14284,0.04558,-0.14093
278,30.05412,-1.78734,0.20099,0.06905,0.47633
279,30.04635,-1.81139,0.11470,-0.00708,-0.02246
280,30.05337,-1.84203,-0.02865,0.05516,-0.36219
281,30.06607,-1.80413,0.14176,0.08347,-0.01114
282,30.05325,-1.77773,0.23850,0.04909,0.36625
283,30.07974,-1.79212,0.18663,0.06505,0.23227
284,30.07007,-1.81052,0.09646,0.03555,-0.12219
285,30.07301,-1.82602,0.04399,0.07701,-0.32433
286,30.05589,-1.78929,0.19304,0.07528,0.34863
287,30.09621,-1.81610,0.04531,0.03377,-0.17699
288,30.06486,-1.80738,0.13027,0.07657,-0.05806
289,30.05647,-1.81337,0.13155,0.06402,-0.36103
290,30.06045,-1.77874,0.28596,0.07333,0.62827
291,30.08639,-1.81373,0.12169,0.05595,0.03365
292,30.05784,-1.79873,0.15899,0.04149,0.18863
293,30.06279,-1.78197,0.22517,0.04117,0.69469
294,30.05066,-1.83987,-0.01287,0.07284,-0.56571
295,30.07904,-1.80806,0.18437,0.04148,-0.13514
296,30.07716,-1.81204,0.15845,0.02319,-0.29368
297,30.04971,-1.79561,0.17523,0.04671,0.27116
298,30.04594,-1.78914,0.19028,0.01129,0.07430
299,30.07346,-1.81374,0.10535,0.03530,-0.25638
300,30.07788,-1.80505,0.15648,0.04892,-0.12728
301,30.02270,-1.83471,0.02028,0.01889,-0.35320
302,30.01591,-1.79381,0.25231,0.01174,-0.26135
303,30.02246,-1.82200,0.07016,0.05627,-0.57443
304,30.01361,-1.81074,0.15106,0.04053,-0.26630
305,30.02462,-1.80698,0.11112,0.04685,-0.10285
306,30.03918,-1.82990,0.01979,0.04053,-0.14832
307,30.02944,-1.84108,-0.01534,0.01277,-0.51111
308,30.03899,-1.85294,-0.06395,0.01372,0.24932
309,30.03087,-1.80557,0.13141,0.03791,0.06091
310,30.02264,-1.82881,0.06254,0.03380,-0.73630
311,30.03263,-1.81858,0.10703,0.07811,-0.36255
312,30.03800,-1.78715,0.24351,0.02857,-0.14615
313,30.01978,-1.83663,0.02204,0.04746,-0.57015
314,30.02071,-1.81983,0.08467,0.07881,-0.43461
315,30.04869,-1.78212,0.22998,0.04133,0.40731
316,30.04249,-1.81928,0.10252,0.05586,-0.23689
317,30.03323,-1.85008,-0.05635,0.04116,0.24952
318,30.02593,-1.81417,0.09940,0.08800,-0.48137
319,30.02502,-1.82896,0.05633,0.05266,-0.62582
320,30.04247,-1.83102,0.01279,0.02966,-0.25521
321,30.03826,-1.83688,0.02662,-0.00211,-0.39213
322,30.03835,-1.84005,-0.00652,0.05570,-0.52344
323,30.04132,-1.81207,0.16182,0.04915,-0.20474
324,30.03015,-1.85541,-0.07243,-0.00122,0.35370
325,30.04058,-1.84555,-0.03091,0.02274,-0.87692
326,30.04138,-1.82774,0.05474,0.06981,-0.20722
327,30.03183,-1.84745,-0.04452,0.01190,-0.79784
328,30.03176,-1.82267,0.08670,0.06896,-0.46614
329,30.04735,-1.83944,-0.02682,0.04245,-0.60230
330,30.01411,-1.79206,0.26733,0.01643,-0.32854
331,30.03060,-1.86149,-0.11732,0.03769,0.26139
332,30.01807,-1.83097,0.02835,0.06065,-0.48675
333,30.02510,-1.84971,-0.07845,0.01790,0.29583
334,30.03205,-1.78633,0.21846,0.05196,0.44293
335,30.02534,-1.83987,-0.02440,0.02450,-0.58127
336,30.01724,-1.83258,0.03432,0.02049,-0.72254
337,30.02841,-1.85043,-0.04266,0.05361,0.30330
338,30.02179,-1.81841,0.07735,0.04908,-0.64638
339,30.04524,-1.78061,0.23839,0.04039,0.02313
340,30.03726,-1.85310,-0.08164,0.01327,0.24556
341,30.02493,-1.83753,0.00187,0.01645,-0.34732
342,30.01606,-1.82508,0.06973,0.05915,-0.53462
343,30.02822,-1.85993,-0.15434,0.01651,0.27552
344,30.02188,-1.84446,-0.01283,0.04904,0.38216
345,30.02541,-1.82729,0.06549,0.05317,-0.51652
346,30.02612,-1.78227,0.28356,0.04408,0.24988
347,30.03148,-1.80111,0.17764,0.03788,0.18882
348,30.03419,-1.79348,0.18784,0.01283,-0.02462
349,30.03764,-1.78970,0.23451,0.02206,0.00541
350,30.03902,-1.83427,0.03233,0.01653,-0.35723
351,30.02854,-1.82459,0.06844,0.04048,-0.67462
352,30.01816,-1.81203,0.11006,0.04810,-0.54431
353,30.01580,-1.80286,0.17871,0.03638,-0.22940
354,30.01429,-1.79500,0.23796,-0.00434,-0.13651
355,30.01665,-1.79590,0.24394,0.01611,-0.21526
356,30.05109,-1.84366,0.00110,0.04527,-0.40920
357,30.02284,-1.82740,0.10359,0.05682,-0.66735
358,30.02914,-1.83042,0.06026,0.04636,-0.47511
359,30.04197,-1.84525,-0.05125,0.02546,-0.62249
360,30.04103,-1.80238,0.15786,0.05117,-0.02053
361,30.03682,-1.82289,0.06507,0.07200,-0.36831
362,30.01968,-1.80160,0.18356,0.03606,-0.25989
363,30.01312,-1.81556,0.12142,0.05793,-0.43609
364,30.02929,-1.83701,0.01147,0.02673,-0.73973
365,30.01556,-1.80128,0.19593,0.01851,0.08621
366,30.02913,-1.86118,-0.12956,0.02675,0.30229
367,30.02951,-1.82713,0.05119,0.05425,-0.25838
368,30.03135,-1.82807,0.03807,0.04942,-0.24028
369,30.01851,-1.83558,0.02625,0.05213,-0.71295
370,30.04211,-1.82476,0.08759,0.05774,-0.18995
371,30.03814,-1.80336,0.13771,0.04185,0.12817
372,30.04580,-1.78574,0.20524,0.04191,0.03325
373,30.02813,-1.85715,-0.09275,0.02018,0.32200
374,30.02865,-1.81300,0.13589,0.07989,-0.31431
375,30.02088,-1.83897,0.00886,0.07008,-0.69044
376,30.01847,-1.83801,0.04142,0.02126,-0.77325
377,30.02729,-1.83812,0.01053,-0.00460,-0.49095
378,30.02151,-1.80053,0.18768,-0.01204,0.03353
379,30.03903,-1.84145,-0.02957,0.02506,-0.63389
380,30.03265,-1.80424,0.12554,0.04467,-0.13581
381,30.04051,-1.85331,-0.04856,0.00596,0.23791
382,30.03712,-1.82709,0.06091,0.06221,-0.29362
383,30.01533,-1.78346,0.20810,0.05719,-0.02394
384,30.01880,-1.80893,0.09487,0.03338,-0.29729
385,30.03894,-1.81993,0.10390,0.04778,-0.32558
386,30.04254,-1.78043,0.23748,0.01098,-0.00836
387,30.01790,-1.82471,0.07004,0.07886,-0.59307
388,30.03624,-1.84972,-0.03972,0.01847,0.24706
389,30.01764,-1.82714,0.03402,0.03324,-0.49105
390,30.02654,-1.84358,-0.04131,0.04357,-0.66143
391,30.03112,-1.78868,0.20331,0.03990,-0.02389
392,30.03693,-1.80093,0.13809,0.06154,0.11430
393,30.03241,-1.84595,-0.03846,0.04041,-0.41518
394,30.04151,-1.79827,0.13523,0.03632,0.04688
395,30.04154,-1.79241,0.20380,0.01320,0.09472
396,30.02638,-1.79652,0.18612,0.02402,0.02799
397,30.04057,-1.82423,0.08104,0.04061,-0.28563
398,30.02769,-1.78663,0.19885,0.01728,0.22131
399,30.03554,-1.78460,0.18845,0.03351,0.16191
400,30.04163,-1.82326,0.07601,0.08638,-0.34345
401,29.97980,-1.82859,0.04832,0.02680,-0.57875
402,29.96896,-1.81452,0.14755,-0.01189,-0.51482
403,29.99909,-1.84047,0.03004,0.04894,-0.38582
404,29.98192,-1.82736,0.03711,0.03543,-0.48794
405,29.98832,-1.80416,0.22528,0.00697,-0.25057
406,30.00280,-1.79284,0.21791,0.03701,-0.45134
407,29.97425,-1.82028,0.10361,-0.03463,-0.41305
408,29.98908,-1.80779,0.18847,-0.03322,-0.34092
409,29.99144,-1.80471,0.18013,-0.01413,0.01842
410,29.98110,-1.82560,0.03194,0.00871,-0.22119
411,30.00160,-1.83659,0.01175,0.05846,-0.42014
412,29.98393,-1.81731,0.11369,0.01327,-0.19547
413,29.98918,-1.81249,0.14017,-0.01486,-0.33980
414,29.97821,-1.82295,0.08719,0.03116,-0.10942
415,29.96371,-1.80846,0.12009,-0.01909,-0.67306
416,29.99009,-1.83120,0.08283,-0.00034,-0.48714
417,29.98614,-1.83190,0.06177,-0.02751,-0.52163
418,29.97971,-1.84192,0.00151,-0.01627,0.31850
419,30.00196,-1.81136,0.12494,0.00860,-0.23850
420,29.99990,-1.78460,0.26169,0.02057,-0.39246
421,30.00307,-1.80920,0.17805,0.06250,-0.17299
422,29.97448,-1.82928,0.03371,0.03485,-0.50676
423,29.97188,-1.80818,0.14709,0.02741,-0.07356
424,29.98017,-1.82238,0.08667,0.01556,-0.22449
425,30.00997,-1.79843,0.19896,-0.01398,-0.19478
426,29.97712,-1.83918,0.02147,0.04346,0.28381
427,29.99832,-1.78410,0.25137,0.03731,-0.28520
428,30.00450,-1.82561,0.04406,0.05296,-0.54811
429,30.01307,-1.79891,0.21645,0.00928,-0.45837
430,29.99291,-1.81741,0.11606,0.00614,-0.30165
431,29.97828,-1.82756,0.05195,0.02735,-0.59439
432,30.00545,-1.81664,0.12442,0.04661,-0.39737
433,29.98528,-1.82258,0.06644,-0.03097,-0.35929
434,29.99759,-1.83282,0.04392,0.07118,-0.43896
435,30.00039,-1.81216,0.11345,0.03762,-0.39456
436,29.99027,-1.82532,0.06814,0.01549,-0.21864
437,29.97280,-1.83644,0.01601,0.06352,0.28646
438,29.98797,-1.81593,0.16076,0.00677,-0.18474
439,30.00720,-1.79727,0.17740,-0.00145,-0.34329
440,29.99465,-1.80836,0.14980,-0.03229,-0.13456
441,29.97948,-1.83553,0.03585,0.01064,-0.72331
442,29.99035,-1.83482,0.03165,0.00318,-0.55574
443,29.97616,-1.83777,0.01151,0.04363,0.29877
444,30.01413,-1.83479,0.04299,0.00114,-0.88498
445,29.95939,-1.79238,0.19372,-0.02960,0.09726
446,30.01096,-1.80883,0.15216,0.04306,-0.18728
447,29.99992,-1.82883,0.09091,0.07021,-0.48592
448,30.00097,-1.80498,0.15431,0.09307,-0.52391
449,29.97614,-1.80782,0.17316,0.01389,-0.31574
450,29.99089,-1.81147,0.16437,-0.01097,-0.16771
451,29.96788,-1.80216,0.20183,-0.06353,-0.56138
452,29.99368,-1.83001,0.06335,0.04380,-0.26238
453,29.96994,-1.82663,0.06570,0.01836,-0.55230
454,30.01272,-1.82312,0.06629,0.04140,-0.43284
455,29.99222,-1.84413,-0.05388,0.03645,0.20340
456,29.96341,-1.79414,0.23170,-0.03273,-0.29979
457,29.99115,-1.79043,0.24836,0.02261,-0.03775
458,29.99127,-1.82322,0.10713,0.04981,-0.08579
459,29.96701,-1.79916,0.20719,-0.04446,-0.50093
460,30.00907,-1.83110,0.04000,0.02401,-0.76059
461,30.00880,-1.79717,0.17153,0.01684,-0.32012
462,29.99572,-1.83323,0.03614,0.05218,-0.40647
463,29.99514,-1.82507,0.06574,0.07336,-0.31422
464,30.01297,-1.82637,0.08560,0.03391,-0.61526
465,30.00149,-1.80066,0.19794,0.02336,-0.56078
466,29.99522,-1.79085,0.22874,0.03677,-0.20369
467,29.97843,-1.80420,0.21789,-0.02311,-0.59562
468,29.97364,-1.81503,0.13687,0.00123,-0.04586
469,30.00017,-1.78246,0.27774,0.02768,-0.32538
470,29.99947,-1.81055,0.13221,0.05625,-0.42513
471,29.98066,-1.81252,0.13137,0.01284,0.00738
472,30.00115,-1.78846,0.23863,0.04612,-0.44136
473,29.99054,-1.82716,0.06172,0.01964,-0.16829
474,29.97530,-1.80500,0.21341,-0.00694,-0.41759
475,30.00316,-1.78709,0.25033,0.03526,-0.32818
476,30.00489,-1.80715,0.13195,0.05666,-0.30344
477,29.96864,-1.82432,0.08406,-0.00216,-0.83269
478,29.96723,-1.79693,0.20106,-0.02371,-0.28353
479,29.98380,-1.82942,0.00792,0.01667,-0.48363
480,29.98519,-1.79928,0.21161,0.00649,-0.57832
481,29.99323,-1.83954,-0.01589,-0.00062,0.28490
482,29.96571,-1.81405,0.13307,-0.03443,-0.70476
483,29.96512,-1.79358,0.22738,0.00701,-0.12835
484,29.99905,-1.79157,0.22747,0.07779,-0.29527
485,30.00814,-1.81074,0.12426,0.04760,-0.27303
486,30.00877,-1.81652,0.08584,0.08400,-0.49945
487,29.99973,-1.79341,0.24610,0.05934,-0.18770
488,29.97678,-1.80310,0.21206,-0.01460,-0.59486
489,29.98313,-1.83355,0.05364,0.03195,-0.55003
490,29.98022,-1.81570,0.10832,0.00236,-0.24201
491,30.00361,-1.79086,0.23535,0.01209,-0.45094
492,29.98503,-1.81940,0.10921,0.00992,-0.19743
493,29.97840,-1.79993,0.22723,-0.01194,-0.70240
494,29.96235,-1.80910,0.14116,-0.05251,-0.58329
495,29.96922,-1.80882,0.16747,-0.00948,-0.69520
496,29.99185,-1.83275,0.02544,0.02476,-0.56443
497,29.98705,-1.80820,0.17928,-0.00479,-0.42123
498,29.99539,-1.83670,0.02284,-0.00231,-0.21689
499,29.96739,-1.79493,0.20809,-0.00326,-0.42721
500,30.00195,-1.82091,0.06930,0.02283,-0.30819
501,30.08317,-1.78332,0.26694,0.03361,0.40470
502,30.10223,-1.81145,0.08941,0.03854,-0.03712
503,30.10184,-1.80704,0.11933,0.05414,0.20286
504,30.06726,-1.75210,0.38260,0.05961,0.76316
505,30.08541,-1.78431,0.27284,0.05452,0.37511
506,30.08893,-1.76808,0.29700,0.03279,0.49808
507,30.06131,-1.76104,0.35052,0.08116,0.83327
508,30.10834,-1.78434,0.18925,0.02431,0.39507
509,30.07725,-1.75264,0.35884,0.10638,0.67925
510,30.09812,-1.80999,0.07970,0.04552,-0.01406
511,30.08190,-1.78415,0.26996,0.02527,0.48030
512,30.10660,-1.79505,0.13159,0.04766,-0.03883
513,30.07834,-1.76599,0.30994,0.06383,0.25428
514,30.08589,-1.77289,0.24869,0.02088,0.33827
515,30.12148,-1.78326,0.17565,-0.01661,0.67439
516,30.07105,-1.76232,0.32096,0.06826,0.89401
517,30.11224,-1.81036,0.12201,0.06768,0.02998
518,30.08311,-1.75028,0.41069,0.06144,0.40353
519,30.11544,-1.81361,0.07104,0.05780,0.01441
520,30.08877,-1.80137,0.14129,0.05056,-0.08676
521,30.09318,-1.79842,0.15699,0.03956,0.31208
522,30.13004,-1.78213,0.22135,0.05508,0.66104
523,30.09778,-1.78607,0.22428,0.01659,0.48405
524,30.11851,-1.81322,0.08264,0.04077,0.14239
525,30.06885,-1.76903,0.28432,0.01661,0.88502
526,30.11016,-1.78473,0.18323,0.01033,0.39359
527,30.08422,-1.79141,0.19340,0.04705,0.34080
528,30.08210,-1.74473,0.40313,0.08327,0.58626
529,30.08297,-1.78969,0.19197,0.07323,0.18289
530,30.10913,-1.77414,,,
531,30.07745,-1.74979,0.33270,0.07941,0.65939
532,30.11303,-1.81922,0.05929,0.06929,-0.14119
533,30.07619,-1.77700,0.26895,0.01753,0.53856
534,30.11616,-1.77955,0.22341,0.00963,0.56522
535,30.07651,-1.76070,0.37182,0.07183,0.70087
536,30.09708,-1.78086,0.22728,0.02675,0.47397
537,30.11859,-1.78625,0.15266,0.00820,0.56603
538,30.11133,-1.80649,0.13606,0.08622,0.04099
539,30.08830,-1.79805,0.13519,0.08306,0.14928
540,30.11773,-1.77722,0.21922,0.02201,0.76721
541,30.11415,-1.78756,0.15448,-0.01625,0.53073
542,30.10336,-1.78450,0.20372,0.06825,0.28821
543,30.08599,-1.80040,0.16114,0.03191,0.24843
544,30.12016,-1.77720,0.19378,0.02184,0.71214
545,30.06715,-1.75844,0.37326,0.09024,0.47998
546,30.13088,-1.78821,0.17756,0.07770,0.37582
547,30.10215,-1.79854,0.12599,0.01112,0.07796
548,30.06978,-1.76502,0.31378,0.04589,0.49727
549,30.10763,-1.78552,0.18891,0.01998,0.44203
550,30.07361,-1.75520,0.38271,0.08375,0.63666
551,30.08402,-1.76980,0.31315,0.01412,0.47086
552,30.07238,-1.77155,0.28064,0.07647,0.75599
553,30.08279,-1.79166,0.20172,0.04999,0.21926
554,30.11401,-1.78912,0.13053,-0.01769,0.11803
555,30.08060,-1.77234,0.28273,0.01716,0.37334
556,30.07990,-1.76497,0.34439,0.04235,0.44035
557,30.10525,-1.80975,0.11939,0.01950,0.05155
558,30.06192,-1.75433,0.40547,0.09261,0.53308
559,30.08145,-1.77709,0.25348,0.02992,0.56938
560,30.08195,-1.80301,0.14706,0.02801,0.18636
561,30.08438,-1.77302,0.25971,0.01496,0.32562
562,30.08847,-1.77615,0.24425,0.02363,0.65837
563,30.09010,-1.80319,0.10643,0.04926,0.09380
564,30.08266,-1.76369,0.31859,0.05197,0.46565
565,30.07168,-1.75148,0.40039,0.07174,0.71787
566,30.12909,-1.79150,0.14888,0.02161,0.61970
567,30.05713,-1.76384,0.31061,0.05089,0.43769
568,30.06605,-1.76897,0.27677,0.08106,0.76941
569,30.12612,-1.79887,0.14404,0.03743,0.44804
570,30.07927,-1.77112,0.31437,0.01731,0.37909
571,30.09953,-1.77710,0.22736,0.05201,0.58327
572,30.12016,-1.80404,0.13253,0.05728,0.01475
573,30.10950,-1.78681,0.18500,0.02184,0.59914
574,30.08635,-1.76077,0.35800,0.04244,0.76285
575,30.07256,-1.74724,0.39573,0.06877,0.55864
576,30.10369,-1.77811,0.20276,0.05801,0.58866
577,30.10477,-1.81319,0.06486,0.09552,0.03366
578,30.07515,-1.75653,0.36190,0.07303,0.62707
579,30.08601,-1.77927,0.27852,0.05098,0.42921
580,30.05747,-1.75783,0.37417,0.11543,0.61343
581,30.09757,-1.80459,0.08543,0.05058,0.10095
582,30.05865,-1.76734,0.28837,0.05360,0.51963
583,30.07447,-1.76951,0.31584,0.04603,0.50536
584,30.11398,-1.77796,0.19687,0.01562,0.62944
585,30.12987,-1.77798,0.21685,0.04840,0.97616
586,30.09479,-1.80647,0.07660,0.06063,0.03589
587,30.07542,-1.76673,0.29658,0.03967,0.50512
588,30.13049,-1.78006,0.24144,0.02306,0.60067
589,30.06716,-1.76000,0.37206,0.08175,0.39390
590,30.09359,-1.79402,0.13186,-0.00011,0.16491
591,30.06153,-1.76659,0.28897,0.08661,0.76905
592,30.08356,-1.77970,0.26264,-0.00483,0.38866
593,30.08146,-1.76898,0.30586,0.02676,0.31871
594,30.08232,-1.77172,0.29620,0.00112,0.47362
595,30.09053,-1.79800,0.12404,0.03617,0.20787
596,30.06540,-1.75719,0.41107,0.09637,0.49887
597,30.12062,-1.77906,0.19949,0.02052,0.81235
598,30.09262,-1.78490,0.21283,0.06356,0.38384
599,30.11693,-1.78287,0.17314,0.01109,0.29168
600,30.07894,-1.75097,0.33661,0.09439,0.54247
